gene,HBR_1,HBR_2,HBR_3,UHR_1,UHR_2,UHR_3
ENSG00000008735.13,0,2,0,0,0,0
ENSG00000015475.18,28,38,33,7,9,8
ENSG00000025708.12,11,10,11,10,4,9
ENSG00000025770.18,0,0,0,0,2,0
ENSG00000040608.13,1,1,0,0,1,0
ENSG00000054611.13,0,0,0,0,1,0
ENSG00000056487.15,0,0,2,0,0,0
ENSG00000063515.2,0,0,0,0,0,0
ENSG00000069998.12,0,1,0,1,1,1
ENSG00000070010.18,5,0,4,17,6,14
ENSG00000070371.15,0,1,1,0,6,1
ENSG00000070413.18,0,5,5,0,2,0
ENSG00000073146.15,3,2,6,0,2,0
ENSG00000073150.13,0,3,0,0,0,1
ENSG00000073169.13,4,13,3,7,3,5
ENSG00000075218.18,0,0,0,0,1,0
ENSG00000075234.16,0,0,0,0,1,1
ENSG00000075240.16,0,1,0,0,0,0
ENSG00000075275.16,0,4,4,3,2,2
ENSG00000077935.16,3,0,4,1,4,4
ENSG00000077942.17,0,0,0,0,2,0
ENSG00000079974.17,0,2,1,3,6,4
ENSG00000093000.18,2,11,4,3,1,0
ENSG00000093009.9,1,1,0,1,3,0
ENSG00000093010.11,21,16,15,5,9,3
ENSG00000093072.15,2,1,3,1,7,0
ENSG00000093100.13,0,0,0,0,0,0
ENSG00000099889.13,1,0,1,6,1,0
ENSG00000099899.14,0,0,2,2,3,5
ENSG00000099901.16,15,15,4,40,14,28
ENSG00000099904.15,2,4,1,1,2,2
ENSG00000099910.16,0,0,0,0,2,0
ENSG00000099917.17,0,0,0,0,5,0
ENSG00000099937.10,12,7,6,5,9,6
ENSG00000099940.11,0,0,0,0,0,0
ENSG00000099942.12,0,2,1,1,1,0
ENSG00000099949.18,18,22,14,12,14,8
ENSG00000099953.9,1,0,0,0,1,0
ENSG00000099954.18,0,0,0,0,1,0
ENSG00000099956.17,0,0,0,2,1,2
ENSG00000099957.16,15,17,15,0,4,0
ENSG00000099958.14,2,6,3,6,1,5
ENSG00000099960.12,0,1,1,8,3,2
ENSG00000099968.17,4,2,2,1,4,4
ENSG00000099974.7,20,20,21,64,48,78
ENSG00000099977.13,0,1,1,1,0,3
ENSG00000099984.10,0,0,0,0,0,0
ENSG00000099985.3,0,0,0,0,0,1
ENSG00000099991.16,1,0,0,0,6,0
ENSG00000099992.15,0,0,0,0,1,0
ENSG00000099994.10,0,0,0,0,3,0
ENSG00000099995.18,0,0,0,1,2,2
ENSG00000099998.17,0,0,0,1,2,1
ENSG00000099999.14,2,10,8,9,4,6
ENSG00000100003.17,4,9,5,15,15,9
ENSG00000100012.11,1,0,0,0,2,0
ENSG00000100014.19,0,0,0,0,0,0
ENSG00000100023.17,39,57,49,18,9,13
ENSG00000100024.14,0,0,0,0,2,0
ENSG00000100027.14,14,12,18,36,15,33
ENSG00000100028.11,1,1,1,7,7,4
ENSG00000100029.17,1,0,0,1,0,1
ENSG00000100030.14,1,0,0,0,4,0
ENSG00000100031.18,0,0,0,0,1,0
ENSG00000100033.16,10,13,15,0,5,1
ENSG00000100034.13,1,2,3,1,1,1
ENSG00000100036.12,4,2,7,9,7,3
ENSG00000100038.19,0,0,0,0,0,0
ENSG00000100053.9,0,0,0,0,0,0
ENSG00000100055.20,0,0,1,0,0,0
ENSG00000100056.11,0,1,1,0,0,1
ENSG00000100058.12,0,0,0,0,3,0
ENSG00000100060.17,0,0,0,0,0,0
ENSG00000100065.14,0,0,0,2,5,0
ENSG00000100068.11,0,0,0,0,2,0
ENSG00000100075.9,1,1,3,2,3,4
ENSG00000100077.14,0,0,0,0,8,0
ENSG00000100078.3,1,4,2,0,3,0
ENSG00000100079.6,0,0,0,5,4,2
ENSG00000100083.18,4,4,4,3,4,0
ENSG00000100084.14,0,0,0,0,0,1
ENSG00000100092.20,1,0,0,3,5,0
ENSG00000100095.18,0,0,0,0,3,0
ENSG00000100097.11,0,1,1,0,2,1
ENSG00000100099.20,17,20,23,5,5,5
ENSG00000100100.12,3,3,4,9,8,4
ENSG00000100101.15,0,0,0,0,0,0
ENSG00000100104.12,16,12,12,40,20,23
ENSG00000100105.17,1,0,3,1,3,1
ENSG00000100106.19,0,0,0,1,1,0
ENSG00000100109.16,27,37,36,38,26,36
ENSG00000100116.16,0,0,1,0,1,0
ENSG00000100121.12,0,0,0,0,0,0
ENSG00000100122.5,0,0,0,0,0,0
ENSG00000100124.12,2,2,1,3,3,4
ENSG00000100129.17,0,1,0,6,2,4
ENSG00000100138.13,1,0,0,3,1,0
ENSG00000100139.13,1,0,0,0,1,0
ENSG00000100142.14,0,0,1,0,0,0
ENSG00000100146.16,11,12,9,5,4,3
ENSG00000100147.13,0,0,0,0,0,0
ENSG00000100150.16,1,0,0,0,1,0
ENSG00000100151.15,0,0,0,0,0,0
ENSG00000100154.14,16,27,21,10,15,8
ENSG00000100156.10,8,10,9,10,4,6
ENSG00000100162.14,0,0,0,0,0,2
ENSG00000100167.19,1,1,0,0,1,0
ENSG00000100170.9,0,0,0,0,4,0
ENSG00000100181.21,0,2,2,1,3,0
ENSG00000100191.5,5,11,4,1,2,0
ENSG00000100196.10,14,11,18,43,24,32
ENSG00000100197.20,13,24,13,11,6,3
ENSG00000100201.18,0,0,0,3,7,3
ENSG00000100206.9,0,0,0,0,0,0
ENSG00000100207.18,0,0,0,0,0,1
ENSG00000100209.9,0,0,0,0,1,0
ENSG00000100211.10,7,4,2,8,3,8
ENSG00000100216.5,0,0,0,1,2,1
ENSG00000100218.11,15,19,15,3,1,1
ENSG00000100219.16,2,6,1,1,2,3
ENSG00000100220.11,0,0,0,0,1,2
ENSG00000100221.10,5,5,3,7,4,4
ENSG00000100225.17,2,4,0,0,3,0
ENSG00000100226.15,72,81,82,47,43,56
ENSG00000100227.17,0,0,0,0,2,0
ENSG00000100228.12,1,1,1,2,2,4
ENSG00000100234.11,22,16,8,5,5,4
ENSG00000100239.15,17,30,21,18,11,13
ENSG00000100241.20,15,9,8,2,6,6
ENSG00000100242.15,5,10,2,49,36,40
ENSG00000100243.20,0,1,0,0,1,0
ENSG00000100246.12,0,0,0,0,0,0
ENSG00000100249.4,0,2,0,0,1,0
ENSG00000100253.12,0,0,0,0,0,0
ENSG00000100258.17,0,0,0,1,0,0
ENSG00000100263.13,1,2,2,1,1,2
ENSG00000100266.17,3,1,0,1,1,0
ENSG00000100271.16,0,0,0,0,0,0
ENSG00000100276.9,1,1,0,0,1,0
ENSG00000100280.16,0,0,0,0,2,0
ENSG00000100281.13,0,1,2,1,3,0
ENSG00000100284.20,0,1,0,0,5,0
ENSG00000100285.9,5,10,9,1,1,0
ENSG00000100288.19,0,1,1,0,0,0
ENSG00000100290.2,1,2,5,1,0,1
ENSG00000100292.16,0,0,0,1,0,0
ENSG00000100294.12,0,0,0,1,0,0
ENSG00000100296.13,0,0,0,1,2,1
ENSG00000100297.15,0,0,0,0,4,0
ENSG00000100298.15,4,3,0,0,0,0
ENSG00000100299.17,0,0,0,0,1,0
ENSG00000100300.17,0,0,0,0,0,0
ENSG00000100302.6,0,0,0,1,2,1
ENSG00000100304.12,0,0,0,0,1,0
ENSG00000100307.12,0,2,1,0,0,1
ENSG00000100311.16,2,4,3,0,2,0
ENSG00000100312.10,0,0,0,0,1,0
ENSG00000100314.3,5,7,8,24,9,10
ENSG00000100316.15,2,2,2,2,1,2
ENSG00000100319.12,5,6,6,0,1,1
ENSG00000100320.22,1,2,2,1,1,0
ENSG00000100321.14,0,1,0,0,3,0
ENSG00000100324.13,0,0,0,0,3,0
ENSG00000100325.14,1,0,1,1,1,1
ENSG00000100330.15,2,1,0,2,4,1
ENSG00000100335.12,1,3,1,3,1,2
ENSG00000100336.17,0,1,1,0,1,0
ENSG00000100341.11,0,0,0,0,1,0
ENSG00000100342.20,0,0,0,4,1,2
ENSG00000100344.10,0,0,0,0,1,0
ENSG00000100345.20,1,2,2,1,4,0
ENSG00000100346.17,0,0,0,0,4,0
ENSG00000100347.14,0,0,0,0,2,0
ENSG00000100348.9,0,0,0,0,0,0
ENSG00000100350.14,0,0,0,0,1,0
ENSG00000100351.16,0,0,0,1,0,0
ENSG00000100353.17,0,0,0,0,1,1
ENSG00000100354.20,1,1,1,1,2,0
ENSG00000100359.20,4,8,6,4,13,4
ENSG00000100360.14,0,3,0,0,2,0
ENSG00000100362.12,0,0,0,0,0,0
ENSG00000100364.18,0,0,0,0,2,1
ENSG00000100365.14,0,0,0,0,0,0
ENSG00000100368.13,0,0,0,0,2,0
ENSG00000100372.14,0,0,0,0,0,0
ENSG00000100373.9,0,0,0,0,0,0
ENSG00000100376.11,1,0,0,1,1,0
ENSG00000100379.17,0,0,0,0,0,0
ENSG00000100380.12,1,0,0,1,3,1
ENSG00000100385.13,0,0,0,0,2,0
ENSG00000100387.8,0,0,1,0,0,0
ENSG00000100393.9,0,2,1,0,5,0
ENSG00000100395.14,26,24,26,2,1,5
ENSG00000100399.15,6,10,5,21,8,4
ENSG00000100401.19,0,0,2,1,0,0
ENSG00000100403.11,0,2,0,0,5,1
ENSG00000100410.7,0,1,1,0,0,0
ENSG00000100412.15,33,42,46,54,33,39
ENSG00000100413.16,147,195,156,116,83,92
ENSG00000100416.12,0,0,0,8,7,9
ENSG00000100417.11,10,9,5,0,1,0
ENSG00000100418.7,2,4,0,0,3,1
ENSG00000100422.13,2,3,1,3,0,0
ENSG00000100425.18,0,0,0,0,1,1
ENSG00000100426.6,21,23,31,14,10,5
ENSG00000100427.15,0,1,1,0,2,0
ENSG00000100429.17,0,2,0,0,3,1
ENSG00000128159.11,1,1,0,5,0,3
ENSG00000128165.8,0,1,0,0,0,0
ENSG00000128185.9,0,0,0,0,0,0
ENSG00000128191.13,12,2,4,7,9,5
ENSG00000128203.6,4,0,6,5,5,5
ENSG00000128218.7,0,0,0,0,0,1
ENSG00000128228.4,0,0,0,0,0,0
ENSG00000128242.12,0,0,1,0,3,0
ENSG00000128245.14,0,2,0,0,1,0
ENSG00000128250.5,62,59,66,1,0,0
ENSG00000128253.13,0,1,0,0,1,0
ENSG00000128254.12,4,4,6,6,6,6
ENSG00000128262.8,0,0,0,0,0,1
ENSG00000128266.8,2,0,0,0,0,0
ENSG00000128268.11,0,0,0,2,1,1
ENSG00000128271.19,0,0,0,0,0,0
ENSG00000128272.14,3,2,1,1,0,0
ENSG00000128274.15,0,0,0,0,1,0
ENSG00000128276.10,2,2,1,0,1,3
ENSG00000128283.6,0,0,0,0,2,0
ENSG00000128284.19,0,0,1,0,2,0
ENSG00000128285.4,0,0,0,2,0,1
ENSG00000128294.15,0,1,0,0,3,0
ENSG00000128298.16,4,7,4,5,2,1
ENSG00000128309.16,0,0,0,0,1,0
ENSG00000128310.2,0,0,1,1,0,0
ENSG00000128311.13,0,0,0,0,1,1
ENSG00000128313.2,0,0,1,0,0,0
ENSG00000128322.6,0,0,0,0,0,0
ENSG00000128335.13,0,1,0,1,2,0
ENSG00000128340.14,0,0,0,0,2,0
ENSG00000128342.4,0,0,0,0,0,0
ENSG00000128346.10,13,26,19,34,27,24
ENSG00000128383.12,0,0,0,0,1,0
ENSG00000128394.16,0,0,0,0,0,0
ENSG00000128408.8,0,0,0,0,1,0
ENSG00000130487.5,0,0,0,0,1,0
ENSG00000130489.12,15,23,20,12,5,19
ENSG00000130538.4,0,0,0,0,0,0
ENSG00000130540.13,0,0,0,0,1,0
ENSG00000130638.15,0,2,0,1,3,0
ENSG00000130943.6,5,6,6,7,10,8
ENSG00000131100.12,0,2,1,0,2,0
ENSG00000133422.12,2,6,3,0,0,1
ENSG00000133424.20,0,0,0,2,3,0
ENSG00000133433.10,0,0,0,0,0,0
ENSG00000133454.15,0,0,0,1,7,1
ENSG00000133460.19,0,7,3,2,2,1
ENSG00000133466.13,2,0,0,1,3,1
ENSG00000133475.16,0,0,0,0,0,0
ENSG00000133477.16,0,1,0,0,1,1
ENSG00000133488.14,0,0,0,0,1,0
ENSG00000133519.12,0,0,0,0,1,0
ENSG00000138867.16,1,2,2,4,2,3
ENSG00000138892.11,0,0,0,0,0,1
ENSG00000138942.15,0,1,0,0,2,0
ENSG00000138944.7,1,0,1,1,1,0
ENSG00000138964.16,0,0,0,0,1,1
ENSG00000159307.18,1,0,0,0,3,0
ENSG00000159496.14,58,80,65,65,42,46
ENSG00000159873.9,0,0,0,1,1,0
ENSG00000159958.4,0,0,0,0,1,0
ENSG00000161103.11,0,0,1,0,2,0
ENSG00000161132.6,1,1,0,1,3,0
ENSG00000161133.16,0,0,0,0,1,0
ENSG00000161149.11,1,1,1,4,0,0
ENSG00000161179.13,1,2,0,1,1,1
ENSG00000161180.10,0,0,0,0,1,0
ENSG00000166862.6,0,0,0,0,0,0
ENSG00000166897.14,0,0,0,0,2,1
ENSG00000167037.18,1,0,0,0,3,0
ENSG00000167065.13,4,8,5,2,5,1
ENSG00000167074.14,0,0,0,0,0,0
ENSG00000167077.12,0,0,0,1,4,0
ENSG00000168135.4,0,0,0,0,1,0
ENSG00000169184.5,0,0,0,1,2,0
ENSG00000169314.14,18,36,18,27,24,21
ENSG00000169548.3,0,0,0,0,1,0
ENSG00000169575.4,0,0,0,0,0,0
ENSG00000169635.9,0,0,0,0,0,0
ENSG00000169662.8,0,0,0,0,0,0
ENSG00000169668.11,1,0,0,0,0,0
ENSG00000170638.9,17,18,20,3,1,5
ENSG00000172250.14,17,20,31,26,15,26
ENSG00000172346.14,11,17,16,20,13,8
ENSG00000172404.4,2,5,0,12,8,6
ENSG00000172912.4,1,0,0,1,0,0
ENSG00000172967.7,0,0,0,0,0,0
ENSG00000175329.12,0,0,0,5,1,0
ENSG00000176177.9,0,0,0,0,3,0
ENSG00000176635.17,1,0,0,0,5,0
ENSG00000177096.8,0,1,0,0,1,0
ENSG00000177663.13,0,0,0,0,1,0
ENSG00000177989.13,6,3,5,4,4,2
ENSG00000177993.3,6,2,3,7,2,2
ENSG00000178026.12,2,4,3,1,3,2
ENSG00000178248.11,0,0,1,0,0,0
ENSG00000178803.10,5,12,9,14,10,6
ENSG00000179750.15,0,0,0,0,1,0
ENSG00000180150.5,0,0,0,0,0,0
ENSG00000180957.17,2,1,3,4,1,3
ENSG00000181123.8,0,0,1,0,0,0
ENSG00000182057.4,0,2,1,2,2,2
ENSG00000182257.6,6,11,16,13,1,8
ENSG00000182351.7,0,0,0,0,1,0
ENSG00000182541.17,37,42,43,5,2,4
ENSG00000182824.7,0,0,0,0,0,0
ENSG00000182841.12,0,3,1,8,2,4
ENSG00000182858.13,4,7,1,6,4,5
ENSG00000182902.13,6,7,4,4,5,3
ENSG00000182944.17,1,2,0,0,2,3
ENSG00000183066.14,1,1,1,1,3,2
ENSG00000183169.6,0,0,0,0,0,0
ENSG00000183172.8,0,0,0,4,0,2
ENSG00000183246.6,0,0,0,0,0,0
ENSG00000183307.3,0,0,1,0,1,0
ENSG00000183506.16,0,0,0,0,1,0
ENSG00000183530.13,0,0,0,1,2,0
ENSG00000183569.17,13,11,10,24,18,23
ENSG00000183579.15,0,0,0,0,2,0
ENSG00000183597.15,0,0,0,0,1,0
ENSG00000183628.12,24,29,35,12,4,15
ENSG00000183741.11,0,0,0,1,4,0
ENSG00000183762.12,0,0,0,0,2,0
ENSG00000183765.20,2,2,1,10,5,1
ENSG00000183773.15,1,0,3,1,2,0
ENSG00000183785.14,0,1,0,2,2,1
ENSG00000183822.3,0,0,1,2,6,3
ENSG00000183864.4,1,2,2,2,2,2
ENSG00000183963.18,12,13,12,3,3,3
ENSG00000184058.12,0,0,0,2,2,1
ENSG00000184068.2,22,31,25,43,24,30
ENSG00000184076.12,1,1,0,0,1,0
ENSG00000184113.9,0,0,0,2,0,0
ENSG00000184117.11,0,0,0,1,1,0
ENSG00000184164.14,2,0,2,7,5,5
ENSG00000184208.10,0,0,0,0,0,0
ENSG00000184319.15,5,1,6,6,10,10
ENSG00000184381.18,0,0,0,2,2,1
ENSG00000184436.11,2,2,2,2,2,1
ENSG00000184459.8,0,0,0,0,1,0
ENSG00000184470.19,6,4,4,4,4,2
ENSG00000184571.13,0,0,0,0,1,0
ENSG00000184624.4,0,0,0,0,0,0
ENSG00000184702.17,0,0,0,1,1,0
ENSG00000184708.17,23,21,22,25,25,15
ENSG00000184792.15,1,5,4,10,7,3
ENSG00000184949.15,0,1,0,0,4,0
ENSG00000184979.9,0,0,0,0,1,0
ENSG00000184983.9,5,5,7,0,1,1
ENSG00000185022.11,1,2,1,2,4,0
ENSG00000185065.6,3,1,1,8,2,6
ENSG00000185133.13,0,0,0,2,2,0
ENSG00000185252.17,1,0,0,0,2,0
ENSG00000185264.11,0,0,0,0,0,0
ENSG00000185339.8,0,0,1,0,2,0
ENSG00000185340.15,0,0,1,0,1,0
ENSG00000185386.14,1,3,0,0,0,0
ENSG00000185608.8,1,2,2,4,4,8
ENSG00000185651.14,1,1,2,4,4,4
ENSG00000185666.14,1,0,0,0,2,0
ENSG00000185686.17,0,0,0,1,3,0
ENSG00000185721.11,1,1,0,3,1,0
ENSG00000185837.3,0,1,0,0,0,0
ENSG00000185838.13,0,0,1,0,0,1
ENSG00000186575.17,1,0,0,0,0,0
ENSG00000186654.20,0,0,0,0,3,0
ENSG00000186716.19,0,0,1,2,1,2
ENSG00000186732.13,0,0,0,0,1,0
ENSG00000186951.16,6,4,4,2,5,0
ENSG00000186976.14,3,0,0,0,2,0
ENSG00000186998.15,0,0,1,0,1,0
ENSG00000187012.10,0,0,0,0,2,0
ENSG00000187045.16,1,3,0,1,2,0
ENSG00000187051.8,2,0,1,0,1,0
ENSG00000187792.4,0,0,0,0,1,0
ENSG00000187860.10,9,18,14,23,9,26
ENSG00000187905.10,0,0,0,0,1,0
ENSG00000187979.4,0,0,0,0,0,0
ENSG00000188064.9,0,0,0,0,1,3
ENSG00000188078.5,0,0,0,0,0,0
ENSG00000188130.13,0,0,0,1,2,0
ENSG00000188263.10,0,0,0,0,3,1
ENSG00000188280.11,0,0,0,0,3,0
ENSG00000188511.12,0,0,0,0,1,0
ENSG00000188636.3,0,0,2,0,1,0
ENSG00000188677.14,0,1,0,0,1,0
ENSG00000189060.5,2,1,2,1,4,4
ENSG00000189269.12,0,0,0,0,1,0
ENSG00000189295.13,0,1,0,2,2,0
ENSG00000189306.10,1,4,0,0,0,1
ENSG00000196236.12,0,0,0,1,0,0
ENSG00000196419.12,1,0,1,0,1,4
ENSG00000196431.3,0,0,0,0,0,0
ENSG00000196576.14,0,0,0,0,1,1
ENSG00000196588.14,4,2,6,7,5,1
ENSG00000197077.12,1,0,0,0,1,0
ENSG00000197182.12,0,0,0,0,2,0
ENSG00000197210.7,0,0,0,0,0,0
ENSG00000197421.9,0,0,0,0,0,0
ENSG00000197549.9,0,0,0,0,1,0
ENSG00000198062.14,0,0,0,0,1,0
ENSG00000198089.14,17,19,21,13,16,9
ENSG00000198125.12,0,0,0,0,1,0
ENSG00000198355.4,0,1,1,0,0,0
ENSG00000198445.4,0,0,0,0,2,0
ENSG00000198792.12,0,0,0,1,0,1
ENSG00000198832.10,0,0,1,1,1,1
ENSG00000198911.11,15,15,21,2,1,1
ENSG00000198951.11,1,5,1,0,2,1
ENSG00000198986.2,0,0,0,0,0,0
ENSG00000199248.1,0,0,0,0,0,0
ENSG00000199515.1,0,0,0,0,0,0
ENSG00000199695.1,0,0,0,0,1,0
ENSG00000199783.1,0,0,1,0,0,0
ENSG00000199797.1,0,1,0,0,0,0
ENSG00000199865.1,0,1,0,0,0,0
ENSG00000200057.1,0,0,0,0,0,0
ENSG00000200332.1,0,0,0,1,0,0
ENSG00000200443.1,0,0,0,0,0,0
ENSG00000200448.1,0,0,0,0,0,0
ENSG00000200683.1,0,0,0,0,0,0
ENSG00000200871.1,0,0,0,0,0,0
ENSG00000200976.1,0,0,0,0,0,0
ENSG00000200985.1,0,0,1,3,3,1
ENSG00000201078.1,0,0,0,1,0,0
ENSG00000201209.1,0,0,0,0,0,0
ENSG00000201916.1,0,0,0,1,0,0
ENSG00000202019.1,0,0,0,0,1,1
ENSG00000202058.1,0,1,0,0,1,0
ENSG00000203280.4,5,6,4,4,1,1
ENSG00000203416.3,0,0,0,0,0,0
ENSG00000203527.2,0,0,0,1,0,0
ENSG00000203618.5,0,0,0,0,0,0
ENSG00000205559.3,0,0,0,0,1,0
ENSG00000205560.12,0,0,1,0,1,0
ENSG00000205593.11,0,3,1,3,1,0
ENSG00000205632.2,0,0,0,0,6,0
ENSG00000205634.6,0,0,0,0,1,0
ENSG00000205643.10,0,0,0,1,0,1
ENSG00000205702.10,2,1,2,1,0,1
ENSG00000205704.6,0,0,0,0,0,0
ENSG00000205853.10,0,0,0,0,0,0
ENSG00000205856.3,0,0,0,0,0,1
ENSG00000206028.1,154,219,195,24,11,22
ENSG00000206066.3,0,0,0,0,0,0
ENSG00000206069.5,0,0,1,0,1,0
ENSG00000206090.4,0,0,0,0,0,0
ENSG00000206140.9,0,0,0,0,1,3
ENSG00000206142.9,0,0,0,0,0,0
ENSG00000206145.8,0,0,0,0,0,1
ENSG00000206195.10,0,0,0,0,2,0
ENSG00000206203.4,6,7,8,8,5,6
ENSG00000206615.1,0,0,0,0,0,0
ENSG00000206739.1,3,0,0,1,1,2
ENSG00000206813.1,0,0,0,0,0,0
ENSG00000206841.1,0,0,0,0,0,0
ENSG00000207227.1,0,0,0,0,0,0
ENSG00000207343.1,0,0,0,0,0,0
ENSG00000207455.1,0,0,0,0,0,0
ENSG00000207457.1,0,1,0,3,1,0
ENSG00000207575.1,0,0,0,0,0,0
ENSG00000207696.1,0,0,0,0,0,0
ENSG00000207751.1,0,0,0,0,0,0
ENSG00000207780.1,0,0,0,0,0,0
ENSG00000207830.1,0,0,0,0,0,0
ENSG00000207832.1,0,0,0,0,0,0
ENSG00000207833.1,0,0,0,0,0,0
ENSG00000207834.1,0,0,0,0,0,0
ENSG00000207835.1,0,0,0,0,0,0
ENSG00000207836.1,0,0,0,0,0,0
ENSG00000207875.1,0,0,0,0,0,0
ENSG00000207932.1,0,0,2,0,0,0
ENSG00000207945.1,0,0,0,0,0,0
ENSG00000208023.2,0,0,0,0,0,0
ENSG00000209480.1,0,0,0,0,0,0
ENSG00000209482.1,0,0,0,1,0,0
ENSG00000211637.2,0,0,0,0,0,0
ENSG00000211638.2,0,0,0,0,0,0
ENSG00000211639.2,0,0,0,0,0,0
ENSG00000211640.3,0,0,0,0,0,0
ENSG00000211641.2,0,0,0,0,0,0
ENSG00000211642.2,0,0,0,0,0,0
ENSG00000211643.2,0,0,0,0,0,0
ENSG00000211644.2,0,0,0,0,0,0
ENSG00000211645.2,0,0,0,0,0,0
ENSG00000211647.1,0,0,0,0,0,0
ENSG00000211648.2,0,0,0,0,0,0
ENSG00000211649.3,0,0,0,0,0,0
ENSG00000211650.2,0,0,0,0,0,0
ENSG00000211651.3,0,0,0,0,0,0
ENSG00000211652.2,0,0,0,0,0,0
ENSG00000211653.2,0,0,0,0,0,0
ENSG00000211654.2,0,0,0,0,0,0
ENSG00000211655.3,0,0,0,0,0,0
ENSG00000211656.3,0,0,0,0,0,0
ENSG00000211657.3,0,0,0,0,0,0
ENSG00000211658.2,0,0,0,2,0,0
ENSG00000211659.2,0,0,0,0,1,0
ENSG00000211660.3,0,0,0,0,0,0
ENSG00000211661.2,0,0,0,0,0,0
ENSG00000211662.2,0,0,0,0,0,0
ENSG00000211663.2,0,0,0,0,0,0
ENSG00000211664.2,0,0,0,0,0,0
ENSG00000211665.2,0,0,0,0,0,0
ENSG00000211666.2,0,0,0,0,0,0
ENSG00000211667.2,0,0,0,0,0,0
ENSG00000211668.2,0,0,0,0,0,0
ENSG00000211669.2,0,0,0,0,0,0
ENSG00000211670.2,0,0,0,0,0,0
ENSG00000211672.2,0,0,0,0,0,0
ENSG00000211673.2,0,0,0,0,0,0
ENSG00000211674.2,0,0,0,0,0,0
ENSG00000211675.2,0,0,0,0,0,0
ENSG00000211676.2,0,0,0,0,0,0
ENSG00000211677.2,0,0,0,3,0,0
ENSG00000211678.2,0,0,0,0,1,0
ENSG00000211679.2,0,0,0,1,0,0
ENSG00000211680.2,0,0,0,0,0,0
ENSG00000211681.2,0,0,0,0,0,0
ENSG00000211682.2,0,0,0,0,0,0
ENSG00000211683.3,0,0,0,0,0,0
ENSG00000211684.2,0,0,0,0,0,0
ENSG00000211685.3,0,0,0,0,1,0
ENSG00000212102.1,0,0,0,0,0,0
ENSG00000212216.1,0,0,0,0,0,0
ENSG00000212542.1,0,0,0,0,0,0
ENSG00000212569.1,0,0,0,0,0,0
ENSG00000212939.2,0,0,1,12,17,15
ENSG00000213279.2,0,0,0,0,0,0
ENSG00000213683.4,0,0,0,0,0,0
ENSG00000213707.2,1,1,0,0,0,0
ENSG00000213727.3,0,0,0,0,0,0
ENSG00000213752.3,0,0,0,0,0,0
ENSG00000213790.2,1,0,3,3,0,0
ENSG00000213857.3,0,0,0,0,0,0
ENSG00000213888.3,1,0,0,1,0,2
ENSG00000213923.10,0,0,0,0,2,0
ENSG00000214076.3,1,1,1,0,5,0
ENSG00000214093.3,0,0,0,0,0,0
ENSG00000214125.2,0,0,0,0,0,0
ENSG00000214161.3,0,0,0,0,0,0
ENSG00000214491.8,0,0,0,0,1,0
ENSG00000214526.3,0,1,0,0,0,0
ENSG00000214727.2,0,0,0,0,0,0
ENSG00000215012.8,0,0,0,0,1,1
ENSG00000215193.12,0,0,0,0,6,0
ENSG00000215268.3,0,0,0,0,0,0
ENSG00000215270.3,0,0,0,10,6,6
ENSG00000215333.3,0,0,0,0,1,0
ENSG00000215347.3,3,0,2,3,3,4
ENSG00000215403.1,0,0,0,0,0,0
ENSG00000215456.5,0,0,0,0,0,0
ENSG00000215464.4,0,0,0,0,1,0
ENSG00000215478.8,0,0,0,0,1,0
ENSG00000215481.8,0,0,0,0,0,0
ENSG00000215493.3,4,8,13,10,5,3
ENSG00000215498.8,0,0,0,0,1,0
ENSG00000215544.6,0,0,0,0,0,0
ENSG00000215568.7,0,0,0,0,0,0
ENSG00000215771.2,0,0,0,0,0,1
ENSG00000217261.4,0,0,0,0,0,0
ENSG00000217442.3,0,0,0,0,0,0
ENSG00000218357.3,0,0,0,0,1,0
ENSG00000218537.1,109,138,116,453,294,474
ENSG00000219438.8,0,1,0,0,0,0
ENSG00000220248.1,0,0,0,0,0,0
ENSG00000220702.1,0,0,0,0,0,0
ENSG00000220891.1,0,0,0,0,0,0
ENSG00000221039.2,0,0,0,0,0,0
ENSG00000221069.1,0,1,0,0,0,0
ENSG00000221084.1,0,0,0,0,1,0
ENSG00000221160.1,0,0,0,0,0,0
ENSG00000221366.2,0,0,0,0,0,0
ENSG00000221598.2,0,0,0,0,0,0
ENSG00000221736.2,0,0,0,0,0,0
ENSG00000221760.1,0,0,0,0,0,0
ENSG00000221890.2,0,0,0,0,0,0
ENSG00000221963.5,0,0,0,0,2,0
ENSG00000222037.5,0,0,0,0,0,0
ENSG00000222044.1,6,3,10,4,4,0
ENSG00000222352.1,0,0,0,0,0,0
ENSG00000222585.1,0,0,0,0,0,0
ENSG00000222630.2,0,0,0,0,0,0
ENSG00000222698.1,0,0,0,0,0,0
ENSG00000222915.1,1,1,0,0,0,0
ENSG00000223056.1,0,0,0,0,0,0
ENSG00000223142.1,0,0,0,0,0,0
ENSG00000223350.2,0,0,0,0,0,0
ENSG00000223461.1,5,4,4,4,3,5
ENSG00000223553.5,0,0,0,0,0,0
ENSG00000223679.1,0,0,0,0,0,0
ENSG00000223695.1,0,0,0,0,0,0
ENSG00000223704.1,0,0,0,0,3,0
ENSG00000223726.1,0,0,0,0,1,0
ENSG00000223730.1,1,1,0,1,1,0
ENSG00000223831.1,0,0,0,0,1,0
ENSG00000223843.4,2,2,1,0,1,0
ENSG00000223875.2,0,0,0,0,0,0
ENSG00000223999.1,0,0,0,0,0,0
ENSG00000224003.1,0,0,0,0,1,0
ENSG00000224027.1,0,0,0,0,1,0
ENSG00000224050.1,0,0,0,0,0,0
ENSG00000224086.5,62,85,81,246,214,234
ENSG00000224124.3,0,0,0,0,0,0
ENSG00000224144.1,0,0,0,0,0,0
ENSG00000224192.2,3,5,2,0,0,0
ENSG00000224205.1,0,0,0,1,0,0
ENSG00000224256.1,0,0,0,0,0,0
ENSG00000224271.5,0,0,0,0,1,0
ENSG00000224277.5,0,0,0,0,2,0
ENSG00000224279.2,0,0,0,0,0,0
ENSG00000224334.1,0,0,0,0,0,0
ENSG00000224404.1,0,0,0,0,0,0
ENSG00000224435.2,0,0,0,0,2,0
ENSG00000224465.1,0,0,0,0,1,0
ENSG00000224688.1,0,1,0,0,0,0
ENSG00000224715.1,0,0,0,0,0,0
ENSG00000224794.1,0,0,0,0,0,0
ENSG00000224806.2,0,0,0,0,0,0
ENSG00000224856.2,0,0,0,0,0,0
ENSG00000224883.1,48,56,54,3,5,2
ENSG00000224973.5,7,6,5,4,5,5
ENSG00000225007.1,0,0,0,0,0,0
ENSG00000225098.1,0,0,0,0,1,0
ENSG00000225225.1,2,1,0,5,2,2
ENSG00000225255.6,0,0,0,0,1,0
ENSG00000225282.1,2,2,1,3,0,6
ENSG00000225293.1,0,0,0,0,1,0
ENSG00000225335.3,16,12,10,10,9,15
ENSG00000225413.2,0,0,0,4,4,3
ENSG00000225450.1,31,25,26,25,11,24
ENSG00000225465.8,0,0,0,0,0,0
ENSG00000225480.1,0,0,0,0,0,0
ENSG00000225528.1,0,0,0,0,0,0
ENSG00000225544.1,0,0,0,0,0,0
ENSG00000225557.1,0,0,0,0,1,0
ENSG00000225676.1,0,0,0,0,2,0
ENSG00000225720.6,0,2,1,0,0,0
ENSG00000225724.1,0,0,0,0,1,0
ENSG00000225741.1,0,0,0,0,0,0
ENSG00000225774.2,0,0,0,0,0,0
ENSG00000225783.6,1,1,0,0,1,0
ENSG00000225867.1,0,0,0,0,0,0
ENSG00000225929.1,0,1,1,0,0,0
ENSG00000225971.1,0,0,0,0,0,0
ENSG00000226024.1,0,0,0,0,0,0
ENSG00000226085.3,0,0,0,0,0,0
ENSG00000226142.2,0,0,0,0,1,0
ENSG00000226160.1,0,0,0,0,0,0
ENSG00000226169.1,0,0,0,0,1,0
ENSG00000226233.1,0,0,0,0,0,0
ENSG00000226287.7,1,0,0,0,4,1
ENSG00000226328.6,0,0,0,0,0,0
ENSG00000226336.2,0,0,0,0,0,0
ENSG00000226420.1,0,0,0,0,0,0
ENSG00000226444.2,0,0,0,0,0,0
ENSG00000226450.2,0,0,1,0,1,0
ENSG00000226471.6,0,0,0,1,2,0
ENSG00000226474.1,0,0,0,0,0,0
ENSG00000226477.1,0,0,0,0,0,0
ENSG00000226534.1,0,0,0,0,0,0
ENSG00000226573.1,0,0,0,0,0,0
ENSG00000226595.1,0,0,1,0,0,0
ENSG00000226738.1,0,0,0,0,0,0
ENSG00000226741.1,0,0,0,0,1,0
ENSG00000226772.1,0,0,3,0,0,0
ENSG00000226872.1,3,6,4,0,0,0
ENSG00000226885.1,0,0,0,0,0,0
ENSG00000226912.1,0,0,0,0,1,0
ENSG00000226954.1,0,0,0,0,4,0
ENSG00000226989.1,0,0,0,0,0,0
ENSG00000227009.1,0,0,0,0,0,0
ENSG00000227117.6,1,0,0,1,1,0
ENSG00000227188.1,5,9,7,1,1,1
ENSG00000227201.2,0,1,0,0,0,0
ENSG00000227367.1,0,0,0,0,0,0
ENSG00000227370.1,0,1,0,2,1,0
ENSG00000227413.1,2,0,2,0,4,0
ENSG00000227484.1,7,11,9,2,2,1
ENSG00000227519.1,0,0,0,1,0,0
ENSG00000227710.1,0,0,0,0,0,0
ENSG00000227755.1,0,0,0,0,1,0
ENSG00000227813.1,0,1,2,0,0,0
ENSG00000227838.1,0,0,0,0,0,0
ENSG00000227880.1,0,0,0,0,0,0
ENSG00000227895.5,0,0,0,0,1,0
ENSG00000228039.3,0,0,0,0,0,0
ENSG00000228045.1,0,0,0,0,0,0
ENSG00000228050.1,0,0,0,0,0,0
ENSG00000228122.1,0,0,0,0,0,0
ENSG00000228161.1,0,0,0,0,0,0
ENSG00000228194.1,0,0,0,0,0,0
ENSG00000228274.3,13,11,20,17,7,12
ENSG00000228315.11,0,0,0,0,0,0
ENSG00000228587.1,0,0,0,0,0,0
ENSG00000228599.1,2,4,2,3,2,2
ENSG00000228620.1,27,19,9,1,0,2
ENSG00000228622.1,0,0,0,0,0,0
ENSG00000228719.1,0,1,0,0,0,0
ENSG00000228807.1,0,0,0,0,0,0
ENSG00000228839.5,0,0,2,2,0,2
ENSG00000228923.1,0,0,0,0,0,0
ENSG00000229027.3,0,0,0,0,0,0
ENSG00000229088.1,0,0,0,0,0,0
ENSG00000229107.2,0,0,0,0,0,0
ENSG00000229169.1,0,0,0,0,0,0
ENSG00000229266.1,0,0,0,0,0,0
ENSG00000229275.1,0,0,0,0,0,0
ENSG00000229286.1,0,0,0,0,0,0
ENSG00000229409.1,0,1,0,0,0,1
ENSG00000229492.1,0,0,0,0,0,0
ENSG00000229598.1,3,5,2,10,2,10
ENSG00000229608.1,0,1,0,0,1,0
ENSG00000229658.1,0,0,0,0,0,0
ENSG00000229673.1,0,0,1,0,1,0
ENSG00000229770.1,0,0,0,0,1,0
ENSG00000229891.1,0,0,0,0,0,0
ENSG00000229955.1,0,0,0,0,0,0
ENSG00000229971.1,0,0,0,0,0,0
ENSG00000229999.6,1,2,1,4,2,5
ENSG00000230051.1,0,0,0,0,0,0
ENSG00000230071.2,0,0,0,0,1,0
ENSG00000230107.1,0,0,0,0,0,0
ENSG00000230120.1,0,0,0,0,0,0
ENSG00000230137.1,0,0,0,0,0,0
ENSG00000230149.2,9,11,16,2,1,4
ENSG00000230194.1,0,0,0,0,0,0
ENSG00000230203.1,0,0,0,0,1,0
ENSG00000230319.1,11,11,5,3,4,2
ENSG00000230345.1,0,0,0,0,0,0
ENSG00000230471.1,0,0,0,0,2,0
ENSG00000230481.2,0,0,0,0,0,0
ENSG00000230485.1,0,0,0,0,1,0
ENSG00000230513.1,4,10,17,9,11,12
ENSG00000230634.1,0,0,0,0,0,0
ENSG00000230637.2,0,0,0,2,2,1
ENSG00000230643.1,0,0,0,0,0,0
ENSG00000230701.2,0,0,1,0,0,0
ENSG00000230712.2,0,0,1,0,0,0
ENSG00000230736.2,1,2,2,1,1,1
ENSG00000230741.1,1,1,2,3,1,0
ENSG00000230769.1,0,0,0,0,0,0
ENSG00000230821.1,0,1,0,0,0,0
ENSG00000230866.1,0,0,0,0,2,0
ENSG00000230912.1,3,1,0,0,3,1
ENSG00000230922.1,0,0,0,0,0,0
ENSG00000230947.2,0,0,0,0,0,0
ENSG00000231004.2,0,0,0,0,0,0
ENSG00000231010.1,10,15,12,2,1,5
ENSG00000231086.1,0,0,0,0,1,0
ENSG00000231253.1,0,0,0,0,0,0
ENSG00000231261.1,0,1,0,0,0,0
ENSG00000231271.1,0,0,0,0,0,0
ENSG00000231369.1,0,0,0,0,0,0
ENSG00000231392.1,0,0,0,0,0,0
ENSG00000231405.1,0,0,0,0,0,0
ENSG00000231466.2,0,1,0,0,0,0
ENSG00000231467.2,0,0,0,0,1,0
ENSG00000231495.1,0,0,0,0,0,0
ENSG00000231565.1,0,0,0,0,0,0
ENSG00000231576.1,0,0,0,0,0,0
ENSG00000231711.2,2,2,2,0,0,0
ENSG00000231801.2,0,0,0,0,0,0
ENSG00000231907.2,0,0,0,0,0,0
ENSG00000231933.7,0,0,0,3,8,10
ENSG00000231993.1,1,2,0,1,1,2
ENSG00000232050.1,0,0,0,0,0,0
ENSG00000232073.1,2,0,1,2,2,0
ENSG00000232081.1,0,0,0,0,0,0
ENSG00000232218.1,2,0,0,2,0,1
ENSG00000232254.1,0,0,0,0,0,0
ENSG00000232305.1,1,2,0,0,0,0
ENSG00000232346.1,0,0,0,0,0,0
ENSG00000232350.1,0,0,0,0,0,0
ENSG00000232363.1,0,0,0,0,1,0
ENSG00000232396.2,0,0,0,0,1,0
ENSG00000232464.1,0,0,0,0,0,0
ENSG00000232515.1,0,0,0,0,0,0
ENSG00000232530.1,0,0,0,4,3,1
ENSG00000232545.1,0,0,0,0,0,0
ENSG00000232564.2,4,9,7,11,6,8
ENSG00000232603.1,0,0,0,0,0,0
ENSG00000232655.1,0,0,0,0,0,0
ENSG00000232707.1,0,0,0,0,0,0
ENSG00000232710.1,3,4,4,2,0,2
ENSG00000232754.1,9,8,2,9,16,8
ENSG00000232771.2,0,0,0,0,1,0
ENSG00000232775.6,0,1,3,22,24,24
ENSG00000232897.2,1,0,2,0,2,1
ENSG00000232926.1,2,9,1,5,2,4
ENSG00000233010.1,0,0,0,0,0,0
ENSG00000233080.2,0,0,0,1,0,0
ENSG00000233157.1,0,0,0,0,0,0
ENSG00000233179.1,0,0,0,0,0,0
ENSG00000233360.4,7,10,12,44,21,27
ENSG00000233388.2,0,0,0,1,1,1
ENSG00000233408.1,0,0,0,0,0,0
ENSG00000233471.2,1,0,1,1,0,1
ENSG00000233521.5,0,0,0,0,0,0
ENSG00000233574.1,0,0,0,0,0,0
ENSG00000233577.6,0,0,0,0,1,0
ENSG00000233603.1,1,1,0,6,1,4
ENSG00000233632.1,0,0,0,0,1,0
ENSG00000233720.1,0,0,0,0,0,0
ENSG00000233733.1,2,0,2,0,0,0
ENSG00000233739.1,11,11,7,5,3,6
ENSG00000233764.1,0,0,0,0,1,0
ENSG00000233866.1,0,0,0,0,2,0
ENSG00000233903.2,1,2,1,1,1,1
ENSG00000233995.1,0,0,0,0,0,0
ENSG00000234009.1,0,0,0,0,0,0
ENSG00000234121.1,0,0,0,0,0,0
ENSG00000234208.1,0,0,0,0,0,0
ENSG00000234300.1,0,0,0,0,0,0
ENSG00000234353.2,0,0,0,0,0,0
ENSG00000234381.1,0,0,0,0,2,0
ENSG00000234409.6,4,4,2,2,1,0
ENSG00000234479.2,0,0,0,0,1,0
ENSG00000234503.1,0,0,0,0,0,0
ENSG00000234626.1,0,1,0,0,0,0
ENSG00000234630.1,0,0,0,0,0,0
ENSG00000234688.1,0,0,0,0,0,0
ENSG00000234726.1,0,0,0,0,1,0
ENSG00000234735.1,0,1,0,0,0,0
ENSG00000234764.2,0,0,0,0,0,0
ENSG00000234869.1,0,0,0,0,0,0
ENSG00000234884.1,1,1,0,0,1,1
ENSG00000234891.1,0,1,0,0,0,0
ENSG00000234892.1,0,2,0,0,1,0
ENSG00000234913.1,0,0,0,0,0,1
ENSG00000234928.1,0,0,0,0,0,1
ENSG00000234965.2,0,0,0,0,0,1
ENSG00000234979.1,1,0,0,0,0,0
ENSG00000235062.4,0,0,0,0,0,0
ENSG00000235091.1,1,0,1,0,2,0
ENSG00000235111.1,0,0,0,0,1,0
ENSG00000235154.1,0,0,0,0,0,0
ENSG00000235159.1,12,12,8,3,3,7
ENSG00000235209.1,0,0,0,0,0,0
ENSG00000235237.1,0,0,0,14,4,9
ENSG00000235246.1,16,18,12,10,14,9
ENSG00000235271.5,0,0,0,0,0,0
ENSG00000235295.1,0,0,0,0,1,0
ENSG00000235328.1,0,1,1,1,0,1
ENSG00000235343.1,0,0,0,1,0,0
ENSG00000235347.1,0,3,2,5,0,3
ENSG00000235445.1,0,0,0,0,0,0
ENSG00000235478.4,1,0,0,0,2,0
ENSG00000235485.1,0,0,0,0,0,0
ENSG00000235513.1,20,30,23,34,33,27
ENSG00000235568.6,0,0,0,0,0,0
ENSG00000235573.2,0,0,0,0,0,0
ENSG00000235578.1,0,0,0,0,0,0
ENSG00000235617.1,0,0,0,0,0,0
ENSG00000235647.1,0,0,0,0,1,0
ENSG00000235689.1,0,0,0,0,0,0
ENSG00000235759.1,0,0,0,0,0,0
ENSG00000235776.2,1,0,0,2,1,0
ENSG00000235786.1,0,0,0,0,0,0
ENSG00000235954.6,11,16,14,14,16,24
ENSG00000235969.1,0,0,0,0,0,0
ENSG00000235989.3,15,23,19,33,15,23
ENSG00000235992.1,0,0,0,0,0,0
ENSG00000236003.1,1,2,0,3,3,3
ENSG00000236052.1,0,0,0,0,0,0
ENSG00000236054.1,1,4,5,1,0,0
ENSG00000236079.1,0,0,0,0,0,0
ENSG00000236097.1,0,0,0,0,1,0
ENSG00000236117.1,1,0,0,0,2,0
ENSG00000236118.1,0,0,0,0,0,0
ENSG00000236132.1,0,0,1,1,1,0
ENSG00000236235.1,0,0,0,0,0,0
ENSG00000236272.1,0,0,0,0,0,0
ENSG00000236323.1,0,0,0,0,0,0
ENSG00000236325.1,0,0,0,1,0,0
ENSG00000236464.1,0,0,0,0,0,0
ENSG00000236499.2,0,0,0,4,2,3
ENSG00000236540.7,21,26,21,25,16,28
ENSG00000236611.1,0,0,0,0,0,0
ENSG00000236641.1,0,0,0,0,0,0
ENSG00000236666.1,0,0,0,0,0,0
ENSG00000236670.1,0,0,0,0,0,0
ENSG00000236754.5,22,21,19,0,0,5
ENSG00000236794.5,0,0,0,0,0,0
ENSG00000236831.1,0,0,0,0,0,0
ENSG00000236850.4,0,0,0,0,0,0
ENSG00000236858.1,0,0,0,0,2,0
ENSG00000236867.1,2,3,2,3,2,3
ENSG00000236890.2,0,0,1,3,0,0
ENSG00000237015.1,2,0,4,9,2,5
ENSG00000237037.9,1,0,0,2,0,1
ENSG00000237127.1,0,0,0,0,0,0
ENSG00000237129.1,0,0,0,0,0,0
ENSG00000237214.3,0,0,0,0,0,0
ENSG00000237299.1,0,0,0,0,2,0
ENSG00000237316.1,0,0,0,0,0,0
ENSG00000237347.2,1,1,0,0,1,0
ENSG00000237358.1,0,0,0,0,0,0
ENSG00000237387.1,0,0,1,2,2,5
ENSG00000237406.1,0,0,0,0,0,0
ENSG00000237407.1,0,0,0,0,0,0
ENSG00000237428.1,0,0,0,0,1,0
ENSG00000237438.6,0,1,2,0,0,0
ENSG00000237439.1,0,0,0,0,0,0
ENSG00000237446.1,1,2,3,0,0,0
ENSG00000237472.1,0,0,0,0,0,0
ENSG00000237476.1,0,2,3,0,1,0
ENSG00000237517.8,1,1,0,0,2,1
ENSG00000237601.1,0,0,0,0,0,0
ENSG00000237668.1,0,0,0,0,1,0
ENSG00000237689.1,0,0,0,0,0,0
ENSG00000237835.1,0,0,0,0,0,0
ENSG00000237862.1,0,0,0,0,1,0
ENSG00000237948.1,0,0,0,0,0,0
ENSG00000237977.1,0,0,0,0,1,1
ENSG00000238120.1,0,0,0,0,0,0
ENSG00000238125.1,0,0,0,0,0,1
ENSG00000238153.1,0,0,0,0,0,0
ENSG00000238192.1,0,0,0,0,1,0
ENSG00000238195.1,0,0,0,0,1,0
ENSG00000238498.1,0,0,0,0,1,0
ENSG00000238584.1,0,0,0,0,0,0
ENSG00000238604.1,0,0,0,0,0,0
ENSG00000238875.1,0,0,0,0,0,0
ENSG00000239127.1,0,0,0,0,0,0
ENSG00000239249.3,0,0,0,0,0,0
ENSG00000239282.7,0,0,0,0,0,0
ENSG00000239435.2,0,0,0,0,0,0
ENSG00000239446.1,0,0,0,0,0,0
ENSG00000239511.2,1,0,1,0,0,0
ENSG00000239547.3,0,0,0,0,0,0
ENSG00000239674.2,0,0,0,0,0,0
ENSG00000239713.7,0,4,0,0,1,0
ENSG00000239900.11,0,0,0,0,1,0
ENSG00000239989.1,0,0,0,0,0,0
ENSG00000240122.1,0,0,0,0,0,0
ENSG00000240160.3,1,1,0,1,0,2
ENSG00000240186.3,0,0,0,0,0,0
ENSG00000240591.1,23,25,26,15,12,11
ENSG00000240647.3,0,0,0,0,0,0
ENSG00000240972.1,0,0,1,3,1,0
ENSG00000241333.3,0,0,0,0,0,0
ENSG00000241360.1,0,0,0,0,0,0
ENSG00000241484.9,0,0,0,0,0,0
ENSG00000241527.1,2,2,4,0,0,0
ENSG00000241693.2,0,0,0,0,1,0
ENSG00000241717.1,0,2,0,1,1,0
ENSG00000241832.1,1,0,0,0,0,0
ENSG00000241838.3,0,0,0,0,0,0
ENSG00000241878.9,5,7,3,2,3,4
ENSG00000241954.1,0,1,0,2,2,0
ENSG00000241973.10,6,7,8,18,9,11
ENSG00000241990.5,0,0,0,0,0,0
ENSG00000242082.1,0,0,0,0,1,1
ENSG00000242114.5,0,0,0,0,1,0
ENSG00000242156.1,0,0,0,0,0,0
ENSG00000242247.10,0,0,0,1,2,0
ENSG00000242251.3,0,0,0,0,1,0
ENSG00000242259.8,0,2,1,2,2,1
ENSG00000242463.3,0,0,0,0,0,0
ENSG00000242876.3,0,0,0,0,0,0
ENSG00000243156.7,0,1,0,0,5,0
ENSG00000243453.1,0,0,0,0,0,0
ENSG00000243519.1,0,0,0,0,0,0
ENSG00000243762.1,2,10,6,48,24,32
ENSG00000243811.7,0,0,0,0,1,0
ENSG00000243902.6,0,0,0,0,0,0
ENSG00000244296.3,0,1,0,4,2,1
ENSG00000244425.3,1,1,1,4,1,2
ENSG00000244486.7,3,2,0,0,1,1
ENSG00000244491.1,11,18,9,5,8,9
ENSG00000244509.3,0,0,0,0,3,0
ENSG00000244625.5,0,0,0,0,1,0
ENSG00000244627.5,0,0,0,0,1,0
ENSG00000244671.3,0,0,0,0,0,0
ENSG00000244723.3,0,0,0,0,0,0
ENSG00000244752.2,0,0,0,0,0,0
ENSG00000248405.9,0,0,0,0,0,0
ENSG00000248409.1,2,2,0,0,0,0
ENSG00000248751.6,0,0,0,0,0,0
ENSG00000249222.1,0,0,0,0,0,0
ENSG00000249263.2,0,0,0,0,1,0
ENSG00000249288.1,0,0,0,2,2,2
ENSG00000249310.2,1,0,0,8,9,11
ENSG00000249333.1,0,0,0,0,1,0
ENSG00000249590.7,0,0,0,0,0,0
ENSG00000249680.1,0,0,0,0,0,0
ENSG00000249923.1,0,0,0,0,0,0
ENSG00000250261.1,3,9,7,18,8,10
ENSG00000250318.1,0,1,0,0,0,0
ENSG00000250470.1,0,0,0,0,0,0
ENSG00000250479.8,0,0,0,1,1,1
ENSG00000251322.7,1,0,0,1,1,0
ENSG00000251357.4,0,0,0,0,0,0
ENSG00000251890.1,0,0,0,0,0,0
ENSG00000251912.1,0,0,0,0,0,1
ENSG00000251913.1,0,0,0,0,0,0
ENSG00000251940.1,0,0,0,0,1,0
ENSG00000251952.1,0,0,0,0,0,0
ENSG00000251985.1,0,0,0,0,0,0
ENSG00000252020.1,0,0,0,0,0,0
ENSG00000252124.1,0,0,0,0,0,0
ENSG00000252142.1,0,0,0,0,0,0
ENSG00000252143.1,0,0,0,0,0,0
ENSG00000252225.1,0,0,0,0,0,0
ENSG00000252267.1,0,0,0,0,0,0
ENSG00000252412.1,1,1,1,2,0,0
ENSG00000252575.1,0,0,0,0,0,0
ENSG00000252603.1,0,0,0,0,0,0
ENSG00000252859.1,0,0,0,0,0,0
ENSG00000252909.1,0,0,0,0,0,0
ENSG00000253007.2,0,0,0,0,0,0
ENSG00000253120.1,0,0,0,0,0,0
ENSG00000253126.1,0,0,0,0,0,0
ENSG00000253152.1,0,0,0,0,0,0
ENSG00000253234.1,0,0,0,0,0,0
ENSG00000253239.1,0,0,0,0,0,0
ENSG00000253242.1,0,0,0,0,0,0
ENSG00000253329.1,0,0,0,0,0,0
ENSG00000253338.1,0,0,0,0,0,0
ENSG00000253352.8,1,0,0,1,1,0
ENSG00000253448.1,0,0,0,0,0,0
ENSG00000253451.1,0,0,0,0,0,0
ENSG00000253460.2,0,0,0,0,0,0
ENSG00000253481.2,0,0,0,0,0,0
ENSG00000253546.1,0,0,0,0,0,0
ENSG00000253590.1,0,0,0,0,0,0
ENSG00000253631.1,0,0,0,0,0,0
ENSG00000253637.1,0,0,0,0,0,0
ENSG00000253691.2,0,0,0,0,0,0
ENSG00000253752.1,0,0,0,0,0,0
ENSG00000253779.1,0,0,0,0,0,0
ENSG00000253786.1,0,0,0,0,0,0
ENSG00000253794.1,0,0,0,0,0,0
ENSG00000253818.1,0,0,0,0,0,0
ENSG00000253822.1,0,0,0,0,0,0
ENSG00000253823.1,0,0,0,0,1,0
ENSG00000253874.1,0,0,0,0,0,0
ENSG00000253889.1,0,0,0,0,1,0
ENSG00000253913.1,0,0,0,0,0,0
ENSG00000253920.1,0,0,0,0,1,0
ENSG00000253935.1,0,0,0,0,0,0
ENSG00000253963.1,0,0,0,0,0,0
ENSG00000254029.1,0,0,0,0,0,0
ENSG00000254030.1,0,0,0,0,0,0
ENSG00000254073.1,0,0,0,0,0,0
ENSG00000254075.1,0,0,0,0,0,0
ENSG00000254077.1,0,0,0,0,0,0
ENSG00000254127.1,0,0,0,0,0,0
ENSG00000254161.1,0,0,0,0,0,0
ENSG00000254175.1,0,0,0,0,0,0
ENSG00000254240.1,0,0,0,0,0,0
ENSG00000254264.2,0,0,0,0,0,0
ENSG00000254308.1,0,0,0,0,0,0
ENSG00000254355.1,0,0,0,0,0,0
ENSG00000254413.8,0,0,0,0,0,0
ENSG00000254499.1,0,0,0,0,0,0
ENSG00000254709.6,0,0,0,0,0,0
ENSG00000254835.1,10,14,11,25,18,23
ENSG00000255156.1,0,0,0,0,0,0
ENSG00000258555.4,0,0,0,0,0,0
ENSG00000259271.1,0,0,0,2,0,1
ENSG00000259421.1,0,0,0,0,0,0
ENSG00000260613.1,1,1,0,0,1,0
ENSG00000260708.1,0,0,0,0,1,0
ENSG00000260924.2,0,0,0,0,0,0
ENSG00000261188.1,0,0,1,1,0,0
ENSG00000261202.1,0,0,0,1,0,0
ENSG00000261251.1,0,1,1,0,1,0
ENSG00000261675.1,0,0,0,0,0,0
ENSG00000263366.2,0,0,0,0,0,0
ENSG00000263463.1,0,0,0,0,0,0
ENSG00000263764.1,0,0,0,0,0,0
ENSG00000264073.1,1,0,0,1,0,1
ENSG00000264139.1,0,0,0,0,0,0
ENSG00000264141.1,0,0,0,0,0,0
ENSG00000264147.1,0,0,0,0,0,0
ENSG00000264160.1,0,0,0,0,0,0
ENSG00000264346.1,0,0,0,0,0,0
ENSG00000264505.1,0,0,0,0,0,0
ENSG00000264629.1,0,0,0,0,0,0
ENSG00000264661.2,0,0,0,0,0,0
ENSG00000264718.1,0,0,0,0,0,0
ENSG00000264757.1,0,0,0,0,0,0
ENSG00000264824.1,0,0,0,0,0,0
ENSG00000264925.1,0,0,0,1,0,0
ENSG00000265087.1,0,0,1,0,0,0
ENSG00000265106.1,0,0,0,0,0,0
ENSG00000265300.1,0,0,0,0,0,0
ENSG00000265311.1,0,0,0,0,0,0
ENSG00000265610.1,0,0,0,0,0,0
ENSG00000265978.1,0,0,0,0,0,0
ENSG00000266012.1,0,0,0,0,0,0
ENSG00000266320.1,0,0,0,0,0,0
ENSG00000266503.2,0,0,0,0,0,0
ENSG00000266508.1,0,0,0,0,0,0
ENSG00000266533.1,0,0,0,0,0,0
ENSG00000266567.1,0,0,0,0,0,0
ENSG00000266594.1,0,0,0,0,0,0
ENSG00000266837.1,0,0,0,0,0,0
ENSG00000266887.1,0,0,0,0,0,0
ENSG00000267338.1,0,0,0,0,0,0
ENSG00000268292.1,17,27,34,41,13,18
ENSG00000268812.3,0,0,0,5,4,5
ENSG00000268818.2,0,0,0,0,0,0
ENSG00000269220.1,1,0,0,0,0,0
ENSG00000269972.1,25,24,26,93,48,48
ENSG00000269987.1,37,41,42,112,79,71
ENSG00000270022.3,0,0,0,0,0,0
ENSG00000270083.1,2,1,1,1,2,1
ENSG00000270226.1,0,0,0,0,0,0
ENSG00000270393.1,21,17,19,1,0,0
ENSG00000271093.1,0,0,0,0,0,0
ENSG00000271127.1,0,0,0,0,0,0
ENSG00000271138.1,0,0,0,0,0,0
ENSG00000271181.1,0,0,0,0,0,0
ENSG00000271275.1,11,9,11,1,0,0
ENSG00000271672.1,0,0,0,0,0,0
ENSG00000272578.5,0,0,0,0,0,0
ENSG00000272582.1,0,0,0,0,0,0
ENSG00000272600.1,5,4,4,10,5,9
ENSG00000272666.1,0,1,0,0,0,0
ENSG00000272669.1,0,5,3,1,2,0
ENSG00000272682.1,2,0,1,0,1,1
ENSG00000272689.1,0,1,0,0,0,0
ENSG00000272694.1,18,18,17,1,2,5
ENSG00000272720.1,0,1,0,0,0,1
ENSG00000272733.1,0,0,0,0,0,0
ENSG00000272779.1,0,0,0,0,0,0
ENSG00000272787.1,1,1,1,0,2,1
ENSG00000272798.1,0,0,0,0,1,1
ENSG00000272821.1,5,11,6,27,13,33
ENSG00000272829.1,4,3,0,0,0,0
ENSG00000272834.1,0,0,1,1,1,2
ENSG00000272836.1,7,2,0,5,2,3
ENSG00000272858.1,0,0,0,0,0,0
ENSG00000272872.1,0,0,0,0,0,0
ENSG00000272940.1,0,0,2,0,0,0
ENSG00000272942.1,0,0,0,0,0,0
ENSG00000272954.1,0,0,0,0,1,0
ENSG00000272973.1,1,0,2,0,0,1
ENSG00000272977.1,0,1,0,0,0,0
ENSG00000273000.5,0,0,0,0,0,0
ENSG00000273032.1,0,3,1,4,2,3
ENSG00000273044.1,0,0,0,0,0,0
ENSG00000273068.1,0,0,0,0,0,0
ENSG00000273076.1,0,1,1,2,0,0
ENSG00000273082.1,0,0,1,0,0,0
ENSG00000273096.1,0,0,0,1,2,1
ENSG00000273137.1,11,15,8,18,9,12
ENSG00000273139.1,0,0,0,0,0,0
ENSG00000273145.1,0,0,1,0,0,0
ENSG00000273164.1,0,0,0,0,0,0
ENSG00000273176.1,2,0,0,0,0,0
ENSG00000273188.1,0,1,1,4,4,5
ENSG00000273192.1,18,32,29,44,20,29
ENSG00000273203.1,0,0,0,0,0,0
ENSG00000273212.1,6,10,8,32,31,27
ENSG00000273214.1,0,0,0,0,0,0
ENSG00000273216.1,0,0,0,0,0,0
ENSG00000273243.1,0,0,0,0,0,0
ENSG00000273244.1,0,0,0,0,0,0
ENSG00000273253.2,7,5,4,16,15,20
ENSG00000273272.1,0,0,0,0,1,0
ENSG00000273287.2,0,0,0,0,0,0
ENSG00000273289.1,0,1,0,0,0,0
ENSG00000273295.1,1,2,1,1,4,1
ENSG00000273300.1,1,5,5,4,13,3
ENSG00000273311.1,1,0,0,0,0,0
ENSG00000273325.1,0,1,0,0,0,0
ENSG00000273342.1,0,0,0,1,0,0
ENSG00000273343.1,0,0,0,0,0,0
ENSG00000273350.1,2,1,3,4,4,4
ENSG00000273353.1,0,0,0,0,0,0
ENSG00000273362.1,0,0,0,0,0,0
ENSG00000273366.1,1,3,1,3,0,1
ENSG00000273387.1,3,3,3,24,14,12
ENSG00000273424.1,0,0,1,0,0,0
ENSG00000273428.3,0,0,0,0,1,1
ENSG00000273442.1,0,0,0,0,1,0
ENSG00000273643.1,0,0,0,0,0,0
ENSG00000273663.1,0,0,0,0,0,0
ENSG00000273846.1,0,0,0,0,0,0
ENSG00000273866.1,0,0,0,0,0,0
ENSG00000273899.4,0,0,0,0,1,0
ENSG00000273907.1,0,0,0,0,0,0
ENSG00000273979.1,0,0,0,0,0,0
ENSG00000274044.4,0,0,0,0,0,0
ENSG00000274170.1,1,0,0,0,0,0
ENSG00000274237.1,0,0,0,0,0,0
ENSG00000274252.1,0,0,0,0,0,0
ENSG00000274280.1,0,0,0,0,0,0
ENSG00000274342.1,0,0,0,0,0,0
ENSG00000274381.1,0,0,0,0,0,0
ENSG00000274416.1,0,0,0,0,0,0
ENSG00000274422.1,0,0,0,0,1,0
ENSG00000274457.1,11,14,14,1,0,1
ENSG00000274552.1,0,0,0,0,0,0
ENSG00000274600.1,0,0,0,0,2,0
ENSG00000274602.4,0,0,0,1,0,0
ENSG00000274617.1,0,0,0,0,0,0
ENSG00000274625.1,0,0,0,0,0,0
ENSG00000274717.1,0,0,0,0,1,0
ENSG00000274773.1,0,0,0,0,0,0
ENSG00000275004.3,0,0,0,0,0,0
ENSG00000275060.1,0,0,0,0,0,0
ENSG00000275065.1,0,0,0,0,0,0
ENSG00000275258.1,0,0,0,0,0,0
ENSG00000275293.1,0,0,0,0,0,0
ENSG00000275307.1,0,0,0,0,0,0
ENSG00000275319.1,0,0,0,0,0,0
ENSG00000275361.1,0,0,0,0,0,0
ENSG00000275362.1,0,0,0,0,0,0
ENSG00000275382.1,0,0,0,0,0,0
ENSG00000275609.1,0,0,1,0,0,1
ENSG00000275635.1,0,0,0,0,0,0
ENSG00000275656.1,0,0,0,0,0,0
ENSG00000275772.1,0,0,0,0,0,0
ENSG00000275793.1,0,0,0,0,1,0
ENSG00000275818.1,0,0,0,0,0,0
ENSG00000275840.1,0,0,0,0,0,0
ENSG00000275942.1,0,0,0,0,0,0
ENSG00000276027.1,0,0,0,0,0,0
ENSG00000276057.1,0,0,0,0,0,0
ENSG00000276095.2,0,0,0,0,0,0
ENSG00000276138.1,0,0,0,0,0,0
ENSG00000276150.1,0,0,0,0,0,0
ENSG00000276160.1,0,0,0,0,0,0
ENSG00000276162.1,0,0,1,3,2,2
ENSG00000276400.1,0,0,0,0,0,0
ENSG00000276427.1,0,0,0,0,0,0
ENSG00000276664.1,0,0,0,0,0,0
ENSG00000276675.1,0,0,0,0,0,0
ENSG00000276753.1,0,0,0,0,0,0
ENSG00000276800.1,0,0,0,0,0,0
ENSG00000276871.1,0,0,0,0,0,0
ENSG00000276874.1,0,0,0,0,0,0
ENSG00000276950.4,0,0,0,0,0,0
ENSG00000276965.1,0,0,0,0,0,0
ENSG00000276991.1,0,0,0,0,0,0
ENSG00000277002.1,0,0,0,3,0,0
ENSG00000277017.1,0,0,0,0,0,0
ENSG00000277232.2,1,1,0,0,2,1
ENSG00000277248.1,0,0,0,0,0,0
ENSG00000277321.1,0,0,0,0,0,0
ENSG00000277372.1,0,0,0,0,0,0
ENSG00000277385.1,0,0,0,0,0,0
ENSG00000277460.1,0,0,0,0,0,0
ENSG00000277683.1,0,0,0,0,0,0
ENSG00000277690.2,0,0,0,0,0,0
ENSG00000277771.1,0,0,0,0,0,0
ENSG00000277821.1,0,0,0,0,0,0
ENSG00000277861.1,0,0,0,0,0,0
ENSG00000277870.4,0,0,0,0,0,0
ENSG00000277872.1,0,0,0,0,0,0
ENSG00000277941.1,0,0,0,0,0,0
ENSG00000277950.1,0,0,0,0,0,0
ENSG00000277971.1,0,0,0,0,0,0
ENSG00000278008.1,0,0,0,0,0,0
ENSG00000278044.1,0,0,0,0,0,0
ENSG00000278110.1,0,0,0,0,0,0
ENSG00000278125.1,0,0,0,0,0,0
ENSG00000278188.1,0,0,0,0,0,0
ENSG00000278195.1,0,0,0,0,1,0
ENSG00000278196.1,0,0,0,0,0,0
ENSG00000278278.1,0,0,0,0,0,0
ENSG00000278292.1,0,0,0,0,0,0
ENSG00000278297.1,0,0,0,0,0,0
ENSG00000278335.1,0,0,0,0,0,0
ENSG00000278398.1,0,0,0,0,0,0
ENSG00000278404.1,0,0,0,0,0,0
ENSG00000278420.1,0,0,0,0,0,0
ENSG00000278534.1,0,0,0,0,0,0
ENSG00000278558.4,0,0,0,0,0,0
ENSG00000278655.1,0,1,0,1,1,1
ENSG00000278657.1,0,0,0,0,1,0
ENSG00000278667.1,0,0,0,0,0,0
ENSG00000278841.1,0,0,0,0,0,0
ENSG00000278869.1,0,0,0,0,0,0
ENSG00000278881.1,2,4,2,2,1,3
ENSG00000278890.1,0,0,0,0,2,0
ENSG00000278920.1,0,0,0,0,1,1
ENSG00000278948.1,4,0,0,4,2,3
ENSG00000278960.1,0,0,0,2,1,3
ENSG00000279006.1,3,4,3,9,6,6
ENSG00000279010.1,126,173,147,133,89,99
ENSG00000279080.1,22,20,25,35,17,29
ENSG00000279085.1,3,6,0,3,5,2
ENSG00000279110.1,5,5,3,11,16,6
ENSG00000279159.1,252,301,271,247,167,204
ENSG00000279175.1,0,0,0,0,3,0
ENSG00000279182.1,9,4,4,2,0,3
ENSG00000279184.1,0,0,1,74,70,63
ENSG00000279217.1,0,0,0,0,6,0
ENSG00000279219.1,3,1,2,0,0,0
ENSG00000279278.1,12,12,18,16,13,11
ENSG00000279298.1,0,0,0,0,0,0
ENSG00000279345.1,3,2,7,5,8,2
ENSG00000279440.1,0,0,0,0,6,0
ENSG00000279442.1,0,0,0,0,2,1
ENSG00000279467.1,10,10,10,17,14,13
ENSG00000279494.1,0,0,0,2,0,0
ENSG00000279548.1,0,1,1,1,1,0
ENSG00000279560.1,0,0,0,0,0,0
ENSG00000279597.1,0,0,0,0,1,4
ENSG00000279624.3,0,0,0,0,0,0
ENSG00000279642.1,0,0,0,0,0,0
ENSG00000279652.1,10,8,4,20,21,17
ENSG00000279699.1,0,0,0,0,0,0
ENSG00000279712.1,0,0,0,0,1,0
ENSG00000279714.1,0,0,0,0,0,0
ENSG00000279738.1,0,0,0,0,2,0
ENSG00000279805.1,0,0,0,0,0,0
ENSG00000279833.1,100,125,110,11,10,12
ENSG00000279848.1,0,0,0,0,0,0
ENSG00000279914.1,0,0,0,0,0,0
ENSG00000279920.1,0,0,0,0,0,0
ENSG00000279927.1,0,0,0,0,0,0
ENSG00000279933.1,11,4,7,17,13,14
ENSG00000279954.1,0,0,0,0,1,0
ENSG00000279973.1,0,0,0,0,0,0
ENSG00000279987.1,0,0,0,0,0,0
ENSG00000280007.1,126,156,141,15,10,9
ENSG00000280011.1,0,2,0,0,4,2
ENSG00000280025.1,0,0,0,1,2,0
ENSG00000280080.1,1,1,2,1,4,2
ENSG00000280156.1,0,0,0,5,23,3
ENSG00000280178.1,0,0,1,22,6,13
ENSG00000280199.1,0,0,0,0,1,0
ENSG00000280216.1,0,0,0,0,0,0
ENSG00000280224.1,0,0,0,0,1,3
ENSG00000280263.1,0,0,0,0,0,0
ENSG00000280312.1,0,0,0,0,2,0
ENSG00000280341.1,0,0,0,3,2,0
ENSG00000280356.1,0,0,0,0,1,0
ENSG00000280363.1,0,0,0,0,0,0
ENSG00000280383.1,1,2,2,0,7,1
ENSG00000280384.1,0,0,0,0,0,0
ENSG00000280395.1,0,0,0,0,1,0
ENSG00000280418.1,0,0,0,0,2,0
ENSG00000280424.1,1,2,2,3,2,2
ENSG00000280434.1,0,0,0,0,0,0
ENSG00000280445.1,0,0,0,0,0,0
ENSG00000280527.1,0,0,0,0,0,0
ENSG00000280567.1,0,0,0,0,0,0
ENSG00000280623.1,0,0,0,0,2,1
ENSG00000280694.1,0,0,0,0,0,0
ENSG00000280859.1,0,0,0,0,0,0
ENSG00000280863.1,0,0,0,0,0,0
ENSG00000280968.1,0,0,0,0,0,0
ENSG00000280977.1,0,0,0,0,0,0
ENSG00000281295.1,0,0,0,0,0,0
ENSG00000281530.1,0,0,0,0,0,0
ENSG00000281538.1,0,2,1,4,1,2
ENSG00000281548.1,0,0,0,0,0,0
ENSG00000281592.1,0,0,0,0,0,0
ENSG00000281629.1,0,0,0,0,0,0
ENSG00000281732.1,16,15,18,0,1,1
ENSG00000281932.1,0,0,0,0,0,0
ENSG00000282012.1,0,0,0,0,0,0
ENSG00000282041.1,0,0,0,0,0,0
ENSG00000282602.1,0,0,0,0,0,0
ENSG00000282816.1,9,10,2,0,0,0
__no_feature,56617,68556,61662,94918,72331,76435
__ambiguous,82,101,78,101,58,66
__too_low_aQual,1050,1340,1269,2173,1476,1788
__not_aligned,55157,67592,60313,114209,76171,95068
__alignment_not_unique,1225,1575,1298,8105,5850,5416
